-- Задание 1
CREATE TABLE [students] (
    [student_id] INT NOT NULL IDENTITY(1,1),
    [name] VARCHAR(100),
    [birthday] DATE,
    [address_id] INT,
    [phone_id] INT,
    [email] VARCHAR(100),
    [group_id] INT,
    [is_budget] BIT,
    PRIMARY KEY ([student_id])
);

CREATE TABLE [groups] (
    [group_id] INT NOT NULL,
    [group_name] VARCHAR(100),
    [direction_id] INT NOT NULL,
    PRIMARY KEY ([group_id])
);

CREATE TABLE [directions] (
    [direction_id] INT NOT NULL,
    [direction_name] VARCHAR(100),
    PRIMARY KEY ([direction_id])
);

CREATE TABLE [addresses] (
    [address_id] INT NOT NULL,
    [city] VARCHAR(50),
    [street] VARCHAR(100),
    [house_number] VARCHAR(10),
    PRIMARY KEY ([address_id])
);

CREATE TABLE [phones] (
    [phone_id] INT NOT NULL,
    [phone_number] VARCHAR(20),
    PRIMARY KEY ([phone_id])
);

ALTER TABLE [students] ADD CONSTRAINT [students_fk0] FOREIGN KEY ([group_id]) REFERENCES [groups]([group_id]);
ALTER TABLE [students] ADD CONSTRAINT [students_fk1] FOREIGN KEY ([address_id]) REFERENCES [addresses]([address_id]);
ALTER TABLE [students] ADD CONSTRAINT [students_fk2] FOREIGN KEY ([phone_id]) REFERENCES [phones]([phone_id]);
ALTER TABLE [groups] ADD CONSTRAINT [groups_fk0] FOREIGN KEY ([direction_id]) REFERENCES [directions]([direction_id]);

-- Задание 2

INSERT INTO [directions] (direction_id, direction_name) VALUES 
(1, 'FI'),
(2, 'IS'),
(3, 'PI');

INSERT INTO [groups] (group_id, group_name, direction_id) VALUES
(1, 'FI101', 1),
(2, 'FI201', 1),
(3, 'FI202', 1);

INSERT INTO [groups] (group_id, group_name, direction_id) VALUES 
(4, 'IS101', 2),
(5, 'IS201', 2),
(6, 'IS202', 2);

INSERT INTO [groups] (group_id, group_name, direction_id) VALUES 
(7, 'PI101', 3),
(8, 'PI201', 3),
(9, 'PI202', 3);

-- FI101
INSERT INTO [addresses] (address_id, city, street, house_number) VALUES
(1, 'город Тверь', 'ул. Советская', '15'),
(2, 'город Иваново', 'ул. Пушкина', '23'),
(3, 'город Ярославль', 'ул. Лермонтова', '45'),
(4, 'город Кострома', 'ул. Победы', '56'),
(5, 'город Владимир', 'ул. Маяковского', '78'),
(6, 'город Рязань', 'ул. Чехова', '12'),
(7, 'город Калуга', 'ул. Кирова', '34');

INSERT [phones](phone_id, phone_number) VALUES
(1, '(4852) 34-5678'),
(2, '(4932) 56-7890'),
(3, '(4855) 12-3456'),
(4, '8-800-123-4567'),
(5, '(4912) 98-7654'),
(6, '(4842) 43-2109'),
(7, '(4912) 32-1098');

INSERT students(name, birthday, address_id, phone_id, email, group_id, is_budget) VALUES 
('Иванов Иван Иванович', '2003-01-15', 1, 1, 'ivanov.ivan@example.com', 1, 0),
('Петров Петр Петрович', '2002-02-20', 2, 2, 'petrov.petr@example.com', 1, 1),
('Сидоров Сидор Сидорович', '2004-03-25', 3, 3, 'sidorov.sidor@example.com', 1, 0),
('Федоров Федор Федорович', '2003-04-30', 4, 4, 'fedorov.fedor@example.com', 1, 1),
('Александров Александр Александрович', '2002-05-05', 5, 5, 'alexandrov.alex@example.com', 1, 0),
('Николаев Николай Николаевич', '2004-06-10', 6, 6, 'nikolaev.nikolai@example.com', 1, 0),
('Михайлов Михаил Михайлович', '2003-07-15', 7, 7, 'mikhailov.mikhail@example.com', 1, 1);

-- FI201
INSERT addresses(address_id, city, street, house_number) VALUES
(8, 'город Брянск', 'ул. Ленина', '10'),
(9, 'город Курск', 'ул. Победы', '20'),
(10, 'город Белгород', 'ул. Гагарина', '30'),
(11, 'город Орел', 'ул. Трудовая', '40'),
(12, 'город Липецк', 'ул. Советская', '50'),
(13, 'город Тамбов', 'ул. Мира', '60'),
(14, 'город Пенза', 'ул. Комсомольская', '70'),
(15, 'город Саранск', 'ул. Молодежная', '80');

INSERT phones(phone_id, phone_number) VALUES
(8, '+7 (920) 123-4567'),
(9, '(4712) 34-5678'),
(10, '(4722) 45-6789'),
(11, '8-800-234-5678'),
(12,'(4742) 56-7890'),
(13, '(4752) 67-8901'),
(14, '8-800-345-6789'),
(15, '(4752) 78-9012');

INSERT students(name, birthday, address_id, phone_id, email, group_id, is_budget) VALUES 
('Смирнов Сергей Сергеевич', '2002-08-01', 8, 8, 'smirnov.sergey@example.com', 2, 1),
('Васильева Василиса Васильевна', '2003-09-05', 9, 9, 'vasilyeva.vasilisa@example.com', 2, 1),
('Григорьев Григорий Григорьевич', '2003-10-10', 10, 10, 'grigoryev.grigory@example.com', 2, 0),
('Дмитриев Дмитрий Дмитриевич', '2002-11-15', 11, 11, 'dmitriev.dmitry@example.com', 2, 0),
('Федорова Федора Федоровна', '2004-12-20', 12, 12, 'fedorova.fedora@example.com', 2, 1),
('Павлова Павла Павловна', '2003-01-25', 13, 13, 'pavlova.pavla@example.com', 2, 0),
('Владимиров Владимир Владимирович', '2002-02-28', 14, 14, 'vladimirov.vladimir@example.com', 2, 0),
('Евгеньева Евгения Евгеньевна', '2003-03-30', 15, 15, 'evgenyeva.evgeniya@example.com', 2, 1);

INSERT phones(phone_id, phone_number) VALUES
(16, '8-800-456-7890'),
(17, '(4732) 12-3456'),
(18, '(4742) 23-4567'),
(19, '8-800-567-8901'),
(20,'(4752) 34-5678'),
(21, '8-800-678-9012'),
(22, '(4762) 45-6789');

INSERT addresses(address_id, city, street, house_number) VALUES
(16, 'город Ульяновск', 'ул. Ленина', '15' ),
(17, 'город Чебоксары', 'ул. Пушкина', '25' ),
(18, 'город Саранск', 'ул. Лермонтова', '35' ),
(19, 'город Йошкар-Ола', 'ул. Горького', '45'),
(20, 'город Казань', 'ул. Труда', '55' ),
(21, 'город Набережные Челны', 'ул. Кирова', '65'),
(22, 'город Альметьевск', 'ул. Маяковского', '75');

-- FI202
INSERT students(name, birthday, address_id, phone_id, email, group_id, is_budget) VALUES 
('Иванова Ирина Ивановна', '2003-04-04', 16, 16, 'ivanova.irina@example.com', 3, 1),
('Петрова Полина Петровна', '2002-05-05', 17, 17,  'petrova.polina@example.com', 3, 1),
('Сидорова Светлана Сидоровна', '2004-06-06', 18, 18,  'sidorova.svetlana@example.com', 3, 0),
('Федорова Фаина Федоровна', '2003-07-07', 19, 19,  'fedorova.faina@example.com', 3, 0),
('Александрова Алина Александровна', '2004-08-08', 20, 20, 'alexandrova.alina@example.com', 3, 0),
('Николаева Нина Николаевна', '2002-09-09', 21, 21, 'nikolaeva.nina@example.com', 3, 1),
('Михайлова Марина Михайловна', '2003-10-10', 22, 22,  'mikhailova.marina@example.com', 3, 1);

INSERT phones(phone_id, phone_number) VALUES
(23, '(495) 123-4567'),
(24, '(812) 234-5678'),
(25, '+7 (922) 345-6789'),
(26, '8-800-789-0123'),
(27, '8-800-890-1234'),
(28, '(35222) 901-2345'),
(29, '(495) 678-9012'),
(30, '(812) 789-0123');

INSERT addresses(address_id, city, street, house_number) VALUES
(23, 'город Волгоград', 'ул. Победы', '100' ),
(24, 'город Саратов', 'ул. Ленина', '110' ),
(25, 'город Самара', 'ул. Гагарина', '120' ),
(26, 'город Уфа', 'ул. Комсомольская', '130'),
(27, 'город Оренбург', 'ул. Советская', '140'),
(28, 'город Пермь', 'ул. Кирова', '150'),
(29, 'город Тюмень', 'ул. Маяковского', '165'),
(30, 'город Люберцы', 'бульвар Славы', '60');



-- IS101
INSERT students(name, birthday, address_id, phone_id, email, group_id, is_budget) VALUES 
('Иванова Вероника Стефановна', '2002-05-01', 23, 23,  'amara38@champlin.com', 4, 1),
('Ермолова Валерия Алексеевна', '2002-03-20', 24, 24, 'eduardo.dubuque@walker.com', 4, 1),
('Чернышева Анна Максимовна', '2003-07-20', 25, 25, 'aletha90@hotmail.com', 4, 1),
('Моисеев Даниил Кириллович', '2004-07-25', 26, 26, 'rudolph.cartwright@jenkins.com', 4, 0),
('Куликова Ольга Глебовна', '2004-05-16', 27, 27,  'calista82@yahoo.com', 4, 0),
('Иванова Эмма Романовна', '2002-04-23', 28, 28,  'porter.bruen@mayert.info', 4, 1),
('Родионова Анна Владимировна', '2002-04-22', 29, 29,  'stanton.manuel@yahoo.com', 4, 1),
('Шевцова Ксения Ивановна', '2003-09-18', 30, 30,  'amber04@hotmail.com', 4, 1);

INSERT phones(phone_id, phone_number) VALUES
(31, '(495) 563-4031'),
(32, '(812) 202-78-14'),
(33, '+7 (922) 609-9463'),
(34, '8-800-362-5827'),
(35, '8-800-835-0693'),
(36, '(35222) 56-1888'),
(37, '(495) 330-3545');

INSERT addresses(address_id, city, street, house_number) VALUES
(31, 'город Егорьевск', 'ул. Гоголя', '31' ),
(32, 'город Озёры', 'ул. Ленина', '84' ),
(33, 'город Чехов', 'наб. Ленина', '14' ),
(34, 'город Чехов', 'наб. Сталина', '55'),
(35, 'город Шаховская', 'шоссе Ленина', '42'),
(36, 'город Шаховская', 'спуск Космонавтов', '13'),
(37, 'город Можайск', 'въезд Ломоносова', '75');
-- IS201
INSERT students(name, birthday, address_id, phone_id, email, group_id, is_budget) VALUES 
('Ермолова Валерия Алексеевна', '2004-02-29', 31, 31, 'sanford.gutkowski@beatty.com', 5, 1),
('Чернышева Анна Максимовна', '2003-06-10', 32, 32, 'manley.huels@hotmail.com', 5, 1),
('Моисеев Даниил Кириллович', '2002-05-01', 33, 33, 'annalise.bruen@yahoo.com', 5, 1),
('Иванова Эмма Романовна', '2002-03-20', 34, 34, 'claude.hamill@hotmail.com', 5, 0),
('Родионова Анна Владимировна', '2003-07-20', 35, 35, 'tressa.schaden@hoeger.com', 5, 0),
('Шевцова Ксения Ивановна', '2004-07-25', 36, 36, 'mcdermott.lelah@block.com', 5, 0),
('Зверев Максим Эмирович', '2004-05-16', 37, 37, 'damion53@yahoo.com', 5, 0);

INSERT INTO phones(phone_id, phone_number) VALUES
(38, '(812) 456-7890'),
(39, '(495) 345-6789'),
(40, '(812) 567-8901'),
(41, '+7 (922) 234-5678'),
(42, '8-800-765-4321'),
(43, '8-800-876-5432'),
(44, '(35222) 987-6543'),
(45, '(495) 456-7890'),
(46, '(812) 678-9012'),
(47, '(495) 567-8901'),
(48, '(812) 789-0123'),
(49, '+7 (922) 345-6789'),
(50, '8-800-987-6543'),
(51, '8-800-098-7654'),
(52, '(35222) 109-8765'),
(53, '(495) 678-9012'),
(54, '(812) 789-0123'),
(55, '(495) 890-1234'),
(56, '(812) 901-2345'),
(57, '+7 (922) 456-7890'),
(58, '8-800-210-9876'),
(59, '8-800-321-0987'),
(60, '(35222) 321-0987'),
(61, '(495) 012-3456'),
(62, '(812) 123-4567'),
(63, '(495) 234-5678'),
(64, '(495) 876-5432'),
(65, '(812) 098-7654'),
(66, '+7 (922) 567-8901');

INSERT addresses(address_id, city, street, house_number) VALUES
(38, 'город Королёв', 'ул. Гагарина', '11'),
(39, 'город Пушкино', 'ул. Молодежная', '16'),
(40, 'город Реутов', 'ул. Восточная', '22'),
(41, 'город Балашиха', 'ул. Центральная', '48'),
(42, 'город Лобня', 'ул. Парковая', '33'),
(43, 'город Химки', 'ул. Кленовая', '5'),
(44, 'город Долгопрудный', 'ул. Озерная', '21'),
(45, 'город Воскресенск', 'ул. Зеленая', '37'),
(46, 'город Жуковский', 'ул. Речная', '29'),
(47, 'город Щелково', 'ул. Ломоносова', '19'),
(48, 'город Раменское', 'ул. Комсомольская', '6'),
(49, 'город Орехово-Зуево', 'ул. Мира', '27'),
(50, 'город Лыткарино', 'ул. Первомайская', '31'),
(51, 'город Дубна', 'ул. Ленина', '12'),
(52, 'город Сергиев Посад', 'ул. Советская', '8'),
(53, 'город Климовск', 'ул. Южная', '5'),
(54, 'город Протвино', 'ул. Центральная', '14'),
(55, 'город Ивантеевка', 'ул. Вокзальная', '9'),
(56, 'город Котельники', 'ул. Молодежная', '2'),
(57, 'город Лобня', 'ул. Советская', '20'),
(58, 'город Пушкино', 'ул. Садовая', '13'),
(59, 'город Луховицы', 'ул. Спортивная', '4'),
(60, 'город Видное', 'ул. Академика Семенова', '10'),
(61, 'город Кашира', 'ул. Строителей', '15'),
(62, 'город Озёры', 'ул. Школьная', '8'),
(63, 'город Электрогорск', 'ул. Коммунальная', '18'),
(64, 'город Сергиев Посад', 'ул. Новая', '22'),
(65, 'город Дзержинский', 'ул. Фрунзе', '10'),
(66, 'город Зарайск', 'ул. Кирова', '5');



-- IS202
INSERT students(name, birthday, address_id, phone_id, email, group_id, is_budget) VALUES 
('Беляева Мария Матвеевна', '2002-04-23', 38, 38, 'avern.fahey@hotmail.com', 6, 1),
('Шаповалов Денис Егорович', '2003-09-18', 39, 39, 'moore.scarlett@ortiz.com', 6, 1),
('Морозова Нина Евгеньевна', '2004-02-29', 40, 40, 'qmoen@hotmail.com', 6, 0),
('Лобанова Алиса Егоровна', '2003-08-10', 41, 41, 'kkirlin@mclaughlin.com', 6, 1),
('Киселев Артём Фёдорович', '2003-06-24', 42, 42, 'jamir14@yahoo.com', 6, 0),
('Казаков Семён Даниилович', '2004-05-16', 43, 43, 'laverna33@williamson.info', 6, 0),
('Латышева Анастасия Григорьевна', '2004-07-13', 44, 44, 'lkoss@hotmail.com', 6, 0);

-- PI101
INSERT students(name, birthday, address_id, phone_id, email, group_id, is_budget) VALUES 
('Иванова Екатерина Кирилловна', '2004-09-17', 45, 45, 'mohr.tyrique@hotmail.com', 7, 1),
('Широков Роберт Константинович', '2003-05-16', 46, 46, 'amara24@hotmail.com', 7, 1),
('Климова Виктория Владимировна', '2004-07-10', 47, 47, 'jeramy.pagac@yahoo.com', 7, 1),
('Тарасов Антон Романович', '2003-12-03', 48, 48, 'della.rolfson@denesik.com', 7, 0),
('Зайцев Сергей Георгиевич', '2002-03-03', 49, 49, 'auer.victoria@lind.com', 7, 0),
('Зиновьева Арина Дмитриевна', '2003-09-05', 50, 50, 'alessia84@gmail.com', 7, 0),
('Николаев Лев Тимурович', '2004-07-08', 51, 51, 'gwilkinson@pfannerstill.com', 7, 0),
('Михайлова Арина Олеговна', '2004-03-15', 52, 52, 'metz.jamel@yahoo.com', 7, 0);

-- PI201
INSERT students(name, birthday, address_id, phone_id, email, group_id, is_budget) VALUES 
('Ильинский Марк Михайлович', '2004-02-01', 53, 53, 'vonrueden.miles@hotmail.com', 8, 1),
('Баранов Алексей Максимович', '2003-06-30', 54, 54, 'denesik.lilyan@brakus.com', 8, 0),
('Панкратов Дмитрий Никитич', '2002-03-29', 55, 55, 'kennith08@schamberger.net', 8, 1),
('Рыбаков Андрей Артёмович', '2004-03-08', 56, 56, 'silas34@hotmail.com', 8, 0),
('Покровская Таисия Алексеевна', '2002-05-25', 57, 57, 'ruecker.donna@mohr.com', 8, 1),
('Семенов Александр Ильич', '2002-12-14', 58, 58, 'grant.summer@abernathy.com', 8, 1),
('Данилов Глеб Даниилович', '2002-04-05', 59, 59, 'lorna98@hotmail.com', 8, 0);

-- PI202
INSERT students(name, birthday, address_id, phone_id, email, group_id, is_budget) VALUES 
('Сальникова Майя Евгеньевна', '2002-01-13', 60, 60, 'nicola.collins@yahoo.com', 9, 0),
('Демьянова Ника Егоровна', '2003-02-06', 61, 61, 'hirthe.ramiro@yahoo.com', 9, 1),
('Максимов Никита Эмирович', '2004-01-22', 62, 62, 'floy.towne@mitchell.org', 9, 0),
('Кудрявцева Екатерина Евгеньевна', '2002-01-04', 63, 63, 'clifford.goyette@botsford.com', 9, 1),
('Анисимова Есения Романовна', '2002-02-03', 64, 64, 'erdman.gussie@yahoo.com', 9, 0),
('Андреева Анна Данииловна', '2003-01-11', 65, 65, 'mills.green@keebler.biz', 9, 1),
('Чеботарев Александр Евгеньевич', '2004-03-27', 66, 66, 'leannon.jerod@gmail.com', 9, 1);